{
  "train_loss": [
    0.461106935399307,
    0.17423275963190663,
    0.16131330282881795,
    0.15862155888419613,
    0.15441368147286155,
    0.14735090354203084,
    0.14566508884144114,
    0.13844295722654937,
    0.12751718307706225,
    0.13316672233880808,
    0.1384795538190291,
    0.12939554916617807,
    0.12888645673293522,
    0.12982383515147033,
    0.12254068085515063,
    0.1186080806698631
  ],
  "val_loss": [
    0.21995743649576768,
    0.14723336454981542,
    0.15458898324008644,
    0.13847726653873055,
    0.15078213867855536,
    0.1260428717439427,
    0.12776195635947182,
    0.1255097050545974,
    0.11855089064325121,
    0.13813757467355964,
    0.11369083528986769,
    0.12247682723256471,
    0.11395482394694809,
    0.12893095709312266,
    0.11415760336973621,
    0.12120531309423825
  ]
}